Date,Children apprehended and placed in CBP custody*,Children in CBP custody,Children transferred out of CBP custody,Children in HHS Care,Children discharged from HHS Care
March 23 2021,,,,11551,209
March 24 2021,,,,11900,268
March 25 2021,,,,12551,280
March 28 2021,,,,11886,248
March 29 2021,,,,12035,229
March 30 2021,,,,12918,215
March 31 2021,,,,13204,244
April 01 2021,,,,13359,288
April 04 2021,,,,14287,242
April 05 2021,,,,15193,239
April 06 2021,,,,16045,282
April 07 2021,,,,16489,342
April 08 2021,,,,16941,301
April 11 2021,,,,18027,228
April 12 2021,,,,18773,243
April 13 2021,,,,19120,303
April 14 2021,,,,19537,356
April 15 2021,,,,19798,374
April 18 2021,,,,20346,266
April 19 2021,,,,20468,260
April 20 2021,,,,20544,335
April 21 2021,,,,20544,335
April 22 2021,,,,21272,401
April 25 2021,,,,21956,379
April 26 2021,,,,22103,349
April 27 2021,,,,22276,472
April 28 2021,,,,22538,413
April 29 2021,,,,22557,580
May 02 2021,,,,22264,485
May 04 2021,,,,22174,420
May 05 2021,,,,21848,708
May 06 2021,,,,21563,775
May 09 2021,,,,20888,558
May 10 2021,,,,20669,559
May 11 2021,,,,20519,583
May 12 2021,,,,20397,431
May 13 2021,,,,20060,595
May 16 2021,,,,19449,474
May 17 2021,,,,19343,427
May 18 2021,,,,19387,444
May 19 2021,,,,19334,577
May 20 2021,,,,19171,518
May 23 2021,,,,18187,729
May 24 2021,,,,18122,454
May 25 2021,,,,18168,284
May 26 2021,,,,17847,640
May 27 2021,,,,17670,559
May 31 2021,,,,17042,323
June 01 2021,,,,16874,547
June 02 2021,,,,16763,507
June 03 2021,,,,16513,605
June 06 2021,,,,16037,566
June 07 2021,,,,16264,407
June 08 2021,,,,16250,300
June 09 2021,,,,16190,445
June 10 2021,,,,16035,575
June 13 2021,,,,15330,729
June 14 2021,,,,15365,412
June 15 2021,,,,15341,398
June 16 2021,,,,15308,427
June 20 2021,,,,14467,605
June 21 2021,,,,14661,411
June 22 2021,,,,14894,350
June 23 2021,,,,14596,698
June 24 2021,,,,14837,491
June 27 2021,,,,14233,678
June 28 2021,,,,14465,413
June 29 2021,,,,14738,370
June 30 2021,,,,14739,419
July 01 2021,,,,14416,623
July 05 2021,,,,14539,468
July 06 2021,,,,14852,356
July 07 2021,,,,14842,374
July 08 2021,,,,14788,540
July 11 2021,,,,15004,343
July 12 2021,,,,15100,428
July 13 2021,,,,15177,355
July 14 2021,,,,15112,452
July 15 2021,,,,19920,611
July 18 2021,,,,14288,689
July 19 2021,,,,14319,467
July 20 2021,,,,14186,466
July 21 2021,,,,14278,528
July 22 2021,,,,14153,762
July 25 2021,,,,13663,673
July 26 2021,,,,13752,338
July 27 2021,,,,13833,461
July 28 2021,,,,13943,484
July 29 2021,,,,14013,524
August 01 2021,,,,14130,590
August 02 2021,,,,14365,253
August 03 2021,,,,14609,360
August 04 2021,,,,14523,612
August 05 2021,,,,14781,582
August 08 2021,,,,15282,578
August 09 2021,,,,15660,364
August 10 2021,,,,16033,474
August 11 2021,,,,16492,455
August 12 2021,,,,16282,743
August 15 2021,,,,16205,507
August 16 2021,,,,16376,381
August 17 2021,,,,16216,671
August 18 2021,,,,16147,410
August 19 2021,,,,15735,827
August 22 2021,,,,15655,346
August 23 2021,,,,15452,627
August 24 2021,,,,15185,642
August 25 2021,,,,14894,719
August 26 2021,,,,15131,634
August 29 2021,,,,14944,450
August 30 2021,,,,14840,552
August 31 2021,,,,14911,408
September 01 2021,,,,14946,420
September 02 2021,,,,14851,679
September 06 2021,,,,14288,471
September 07 2021,,,,14192,402
September 08 2021,,,,13973,548
September 09 2021,,,,13598,706
September 12 2021,,,,13393,406
September 13 2021,,,,13273,558
September 14 2021,,,,13348,426
September 15 2021,,,,13179,527
September 16 2021,,,,13109,484
September 19 2021,,,,12784,387
September 20 2021,,,,12724,426
September 21 2021,,,,12759,376
September 22 2021,,,,12903,523
September 23 2021,,,,12696,580
September 26 2021,,,,12440,371
September 27 2021,,,,12452,531
September 28 2021,,,,12459,321
September 29 2021,,,,12273,644
September 30 2021,,,,12337,476
October 03 2021,,,,11987,599
October 04 2021,,,,12047,317
October 05 2021,,,,11923,413
October 06 2021,,,,11745,470
October 07 2021,,,,11500,520
October 11 2021,,,,11404,228
October 12 2021,,,,11464,306
October 13 2021,,,,11236,536
October 14 2021,,,,11161,418
October 17 2021,,,,10899,322
October 18 2021,,,,10894,314
October 19 2021,,,,10972,235
October 20 2021,,,,10951,337
October 21 2021,,,,10964,386
October 24 2021,,,,10759,351
October 25 2021,,,,10857,253
October 26 2021,,,,10974,269
October 27 2021,,,,10926,317
October 28 2021,,,,10926,317
October 31 2021,,,,10680,299
November 01 2021,,,,10834,230
November 02 2021,,,,10997,264
November 03 2021,,,,11121,367
November 04 2021,,,,11183,420
November 07 2021,,,,11139,322
November 08 2021,,,,11372,267
November 09 2021,,,,11742,209
November 11 2021,,,,11744,346
November 14 2021,,,,11672,284
November 15 2021,,,,11759,271
November 16 2021,,,,11955,263
November 17 2021,,,,11870,414
November 18 2021,,,,11928,390
November 21 2021,,,,11934,375
November 22 2021,,,,12031,310
November 28 2021,,,,12335,310
November 29 2021,,,,12617,160
November 30 2021,,,,12957,204
December 01 2021,,,,12997,421
December 02 2021,,,,12867,511
December 05 2021,,,,12549,427
December 06 2021,,,,12860,412
December 07 2021,,,,13248,288
December 08 2021,,,,13152,420
December 09 2021,,,,13072,512
December 12 2021,,,,12779,354
December 13 2021,,,,12662,400
December 14 2021,,,,12739,321
December 15 2021,,,,12624,482
December 16 2021,,,,12401,519
December 19 2021,,,,11904,571
December 20 2021,,,,11995,379
December 21 2021,,,,11997,385
December 22 2021,,,,11949,438
December 27 2021,,,,11295,217
December 28 2021,,,,11227,232
December 29 2021,,,,11099,333
January 02 2022,,,,9980,261
January 03 2022,,,,9872,186
January 04 2022,,,,9614,331
January 05 2022,,,,9454,266
January 06 2022,,,,9280,283
January 09 2022,,,,8503,284
January 10 2022,,,,8276,302
January 11 2021,,,,8150,212
January 12 2022,,,,8071,201
January 13 2022,,,,7949,257
January 17 2022,,,,7924,150
January 18 2022,,,,8045,121
January 19 2022,,,,8147,214
January 20 2022,,,,8254,256
January 23 2022,,,,8525,212
January 24 2022,,,,8783,151
January 25 2022,,,,8970,169
January 26 2022,,,,9045,217
January 27 2022,,,,9096,242
January 30 2022,,,,9361,277
January 31 2022,,,,9307,296
February 01 2022,,,,9351,214
February 02 2022,,,,9525,201
February 03 2022,,,,9643,150
February 06 2022,,,,9543,401
February 07 2022,,,,9487,392
February 08 2022,,,,9584,294
February 09 2022,,,,9540,276
February 10 2022,,,,9596,403
February 13 2022,,,,9465,307
February 14 2022,,,,9614,297
February 15 2022,,,,9757,233
February 16 2022,,,,9781,289
February 17 2022,,,,9808,346
February 21 2022,,,,9801,243
February 22 2022,,,,9955,204
February 23 2022,,,,10020,287
February 24 2022,,,,10049,259
February 27 2022,,,,10032,398
February 28 2022,,,,10107,334
March 01 2022,,,,9981,374
March 02 2022,,,,9964,402
March 03 2022,,,,9938,431
March 06 2022,,,,9633,343
March 07 2022,,,,9634,355
March 08 2022,,,,9781,292
March 09 2022,,,,9783,369
March 10 2022,,,,9824,359
March 13 2022,,,,9767,324
March 14 2022,,,,9825,316
March 15 2022,,,,9909,323
March 16 2022,,,,10012,295
March 17 2022,,,,9968,363
March 20 2022,,,,10018,279
March 21 2022,,,,10031,353
March 22 2022,,,,10158,210
March 23 2022,,,,10351,310
March 24 2022,,,,10278,356
March 27 2022,,,,10101,332
March 28 2022,,,,10140,344
March 29 2022,,,,10248,261
March 30 2022,,,,10293,298
March 31 2022,,,,10465,306
April 03 2022,,,,10326,467
April 04 2022,,,,10448,271
April 05 2022,,,,10370,422
April 06 2022,,,,10364,361
April 07 2022,,,,10328,389
April 10 2022,,,,9974,350
April 11 2022,,,,9801,429
April 12 2022,,,,9905,298
April 13 2022,,,,9934,328
April 14 2022,,,,9748,521
April 17 2022,,,,9478,300
April 18 2022,,,,9421,383
April 19 2022,,,,9412,247
April 20 2022,,,,9419,287
April 21 2022,,,,9274,450
April 24 2022,,,,8785,410
April 25 2022,,,,8725,344
April 26 2022,,,,8741,274
April 27 2022,,,,8675,340
April 28 2022,,,,8608,363
May 01 2022,,,,8376,472
May 02 2022,,,,8390,321
May 03 2022,,,,8437,232
May 04 2022,,,,8488,266
May 05 2022,,,,8385,406
May 08 2022,,,,8385,387
May 09 2022,,,,8574,181
May 10 2022,,,,8654,348
May 11 2022,,,,8826,241
May 12 2022,,,,9022,304
May 15 2022,,,,9050,254
May 16 2022,,,,9152,311
May 17 2022,,,,9325,298
May 18 2022,,,,9252,340
May 19 2022,,,,9332,326
May 22 2022,,,,9392,291
May 23 2022,,,,9505,322
May 24 2022,,,,9656,230
May 25 2022,,,,9823,271
May 26 2022,,,,9915,360
May 30 2022,,,,10078,205
May 31 2022,,,,10341,231
June 01 2022,,,,10571,244
June 02 2022,,,,10608,374
June 03 2022,,,,10224,469
June 06 2022,,,,10187,447
June 07 2022,,,,10240,304
June 08 2022,,,,10248,420
June 09 2022,,,,10313,379
June 12 2022,,,,10104,384
June 13 2022,,,,10297,285
June 14 2022,,,,10259,415
June 15 2022,,,,10167,443
June 16 2022,,,,10198,395
June 20 2022,,,,10680,332
June 21 2022,,,,10961,174
June 22 2022,,,,11253,360
June 23 2022,,,,11360,368
June 26 2022,,,,11363,552
June 27 2022,,,,11467,288
June 28 2022,,,,11760,304
June 29 2022,,,,11883,311
June 30 2022,,,,11912,418
July 04 2022,,,,11843,371
July 05 2022,,,,11913,279
July 06 2022,,,,11905,412
July 07 2022,,,,11977,391
July 10 2022,,,,11578,504
July 11 2022,,,,11535,449
July 12 2022,,,,11567,341
July 13 2022,,,,11644,318
July 14 2022,,,,11568,491
July 17 2022,,,,11490,507
July 18 2022,,,,11483,362
July 19 2022,,,,11541,311
July 20 2022,,,,11540,479
July 21 2022,,,,11642,351
July 24 2022,,,,11203,485
July 25 2022,,,,11268,213
July 26 2022,,,,11225,369
July 27 2022,,,,11156,456
July 28 2022,,,,11080,383
July 31 2022,,,,10447,471
August 01 2022,,,,10445,370
August 02 2022,,,,10393,378
August 03 2022,,,,10293,374
August 04 2022,,,,10172,416
August 07 2022,,,,9876,518
August 08 2022,,,,9881,331
August 09 2022,,,,9884,281
August 10 2022,,,,9774,423
August 11 2022,,,,9760,315
August 14 2022,,,,9308,366
August 15 2022,,,,9248,280
August 16 2022,,,,9278,240
August 17 2022,,,,9435,275
August 18 2022,,,,9315,404
August 21 2022,,,,9087,388
August 22 2022,,,,9170,190
August 23 2022,,,,9131,278
August 24 2022,,,,9107,297
August 25 2022,,,,9070,367
August 28 2022,,,,8749,330
August 29 2022,,,,8814,317
August 30 2022,,,,9029,238
August 31 2022,,,,9073,286
September 01 2022,,,,9100,284
September 05 2022,,,,8989,223
September 06 2022,,,,9015,232
September 07 2022,,,,9141,246
September 08 2022,,,,9146,310
September 11 2022,,,,9132,297
September 12 2022,,,,9179,263
September 13 2022,,,,9348,225
September 14 2022,,,,9480,249
September 15 2022,,,,9496,295
September 18 2022,,,,9225,276
September 19 2022,,,,9382,251
September 20 2022,,,,9449,233
September 21 2022,,,,9535,243
September 22 2022,,,,9530,339
September 25 2022,,,,9256,356
September 26 2022,,,,9267,279
September 27 2022,,,,9355,200
September 28 2022,,,,9450,220
October 02 2022,,,,9612,314
October 03 2022,,,,9634,307
October 04 2022,,,,9592,258
October 05 2022,,,,9517,304
October 06 2022,,,,9441,350
October 10 2022,,,,9556,249
October 11 2022,,,,9715,218
October 12 2022,,,,9731,280
October 13 2022,,,,9735,287
October 16 2022,,,,9600,381
October 17 2022,,,,9640,258
October 18 2022,,,,9743,236
October 19 2022,,,,9814,282
October 20 2022,,,,9734,365
October 23 2022,,,,9523,386
October 24 2022,,,,9620,258
October 25 2022,,,,9652,245
October 26 2022,,,,9668,300
October 27 2022,,,,9580,392
October 30 2022,,,,9455,369
October 31 2022,,,,9538,265
November 01 2022,,,,9662,262
November 02 2022,,,,9756,295
November 03 2022,,,,9676,354
November 06 2022,,,,9611,329
November 07 2022,,,,9645,266
November 08 2022,,,,9754,267
November 09 2022,,,,9775,317
November 13 2022,,,,9655,398
November 14 2022,,,,9773,298
November 15 2022,,,,9892,247
November 16 2022,,,,9925,323
November 17 2022,,,,9874,361
November 20 2022,,,,9752,473
November 21 2022,,,,9976,277
November 22 2022,,,,10050,311
November 27 2022,,,,10179,289
November 28 2022,,,,10321,290
November 29 2022,,,,10507,220
November 30 2022,,,,10640,295
December 01 2022,,,,10677,398
December 04 2022,,,,10630,415
December 05 2022,,,,10750,349
December 06 2022,,,,10812,301
December 07 2022,,,,10743,398
December 08 2022,,,,10744,373
December 11 2022,,,,10400,438
December 13 2022,,,,10893,317
December 14 2022,,,,11016,314
December 15 2022,,,,10908,408
December 18 2022,,,,10635,471
December 19 2022,,,,10683,333
December 20 2022,,,,10710,313
December 21 2022,,,,10600,441
December 22 2022,,,,10568,427
December 26 2022,,,,10352,396
December 27 2022,,,,10280,318
December 28 2022,,,,10239,330
December 29 2022,,,,10265,244
January 02 2022,,,,8998,435
January 03 2022,,,,8834,307
January 04 2022,,,,8575,350
January 05 2022,,,,8243,434
January 08 2022,,,,7340,380
January 09 2022,,,,7142,279
January 10 2022,,,,6986,260
January 11 2022,,,,6850,267
January 12 2023,,,,6566,436
January 16 2022,,,,6351,183
January 17 2022,,,,6583,168
January 18 2022,,,,6756,144
January 19 2022,,,,6862,255
January 22 2023,,,,7122,227
January 23 2023,,,,7280,181
January 24 2023,,,,7433,175
January 25 2023,,,,7538,180
January 26 2022,,,,7565,262
January 29 2023,,,,7472,303
January 30 2023,,,,7743,196
January 31 2023,,,,7803,158
February 01 2023,,,,7903,231
February 02 2023,,,,7879,298
February 05 2023,,,,7586,342
February 06 2023,,,,7720,196
February 07 2023,,,,7855,200
February 08 2023,,,,7915,317
February 09 2023,,,,7908,353
February 12 2023,,,,7434,317
February 13 2023,,,,7483,244
February 14 2023,,,,7794,223
February 15 2023,,,,7869,290
February 16 2023,,,,7793,361
February 20 2023,,,,7817,209
February 21 2023,,,,7967,213
February 22 2023,,,,7978,232
February 23 2023,,,,7914,386
February 26 2023,,,,7609,323
February 27 2023,,,,7800,248
February 28 2023,,,,7896,200
March 01 2023,,,,7930,307
March 02 2023,,,,7870,335
March 07 2023,,,,7859,259
March 08 2023,,,,7885,291
March 09 2023,,,,7786,340
March 13 2023,,,,7567,249
March 14 2023,,,,7810,181
March 15 2023,,,,7915,286
March 16 2023,,,,7989,308
March 19 2023,,,,7885,306
March 20 2023,,,,7931,279
March 21 2023,,,,8050,221
March 22 2023,,,,8097,246
March 23 2023,,,,8102,331
March 26 2023,,,,7847,352
March 27 2023,,,,7994,235
March 28 2023,,,,8079,223
March 29 2023,,,,8208,267
March 30 2023,,,,8158,359
April 02 2023,,,,7981,304
April 03 2023,,,,8054,284
April 04 2023,,,,8068,259
April 05 2023,,,,8175,260
April 06 2023,,,,8178,284
April 09 2023,,,,7900,329
April 10 2023,,,,7826,265
April 11 2023,,,,7922,187
April 12 2023,,,,7876,283
April 13 2023,,,,7795,370
April 16 2023,,,,7380,272
April 17 2023,,,,7344,248
April 18 2023,,,,7376,234
April 19 2023,,,,7356,229
April 20 2023,,,,7490,320
April 23 2023,,,,7534,266
April 24 2023,,,,7796,213
April 25 2023,,,,8017,202
April 26 2023,,,,8117,256
April 27 2023,,,,8159,310
April 30 2023,,,,8352,293
May 01 2023,,,,8492,237
May 02 2023,,,,8654,245
May 03 2023,,,,8704,267
May 04 2023,,,,8790,332
May 07 2023,,,,8485,375
May 08 2023,,,,8590,261
May 09 2023,,,,8606,250
May 10 2023,,,,8681,304
May 11 2023,,,,8672,392
May 14 2023,,,,8445,288
May 15 2023,,,,8571,277
May 16 2023,,,,8572,272
May 17 2023,,,,8569,307
May 18 2023,,,,8474,351
May 21 2023,,,,7826,343
May 22 2023,,,,7848,240
May 23 2023,,,,7788,246
May 24 2023,,,,7709,276
May 25 2023,,,,7546,408
May 29 2023,,,,6996,207
May 30 2023,,,,7046,168
May 31 2023,,,,7053,210
June 01 2023,,,,7002,287
June 04 2023,,,,6555,292
June 05 2023,,,,6523,189
June 06 2023,,,,6508,187
June 07 2023,,,,6483,208
June 08 2023,,,,6446,255
June 11 2023,,,,6007,238
June 12 2023,,,,6021,177
June 13 2023,,,,6061,146
June 14 2023,,,,6065,167
June 15 2023,,,,6038,272
June 19 2023,,,,5679,142
June 20 2023,,,,5904,134
June 21 2023,,,,5922,149
June 22 2023,,,,5956,207
June 25 2023,,,,5766,263
June 26 2023,,,,5819,174
June 27 2023,,,,5917,155
June 28 2023,,,,5999,174
June 29 2023,,,,6058,213
July 02 2023,,,,5903,309
July 04 2023,,,,6127,124
July 05 2023,,,,6193,167
July 06 2023,,,,6239,205
July 09 2023,,,,6214,196
July 10 2023,,,,6346,163
July 11 2023,,,,6498,143
July 12 2023,,,,6521,210
July 13 2023,,,,6604,226
July 16 2023,,,,6468,218
July 17 2023,,,,6632,160
July 18 2023,,,,6874,181
July 19 2023,,,,7001,226
July 20 2023,,,,7116,281
July 23 2023,,,,7052,276
July 24 2023,,,,7220,187
July 25 2023,,,,7510,136
July 26 2023,,,,7647,215
July 27 2023,,,,7754,259
July 30 2023,,,,7671,305
July 31 2023,,,,7800,220
August 01 2023,,,,8103,168
August 02 2023,,,,8261,271
August 03 2023,,,,8294,339
August 06 2023,,,,8298,322
August 07 2023,,,,8493,202
August 08 2023,,,,8725,207
August 09 2023,,,,8888,251
August 10 2023,,,,8914,353
August 16 2023,,,,9634,288
August 17 2023,,,,9694,407
August 20 2023,,,,9483,390
August 21 2023,,,,9668,281
August 22 2023,,,,9921,230
August 23 2023,,,,10071,285
August 24 2023,,,,10026,443
August 27 2023,,,,9873,488
August 28 2023,,,,10012,388
August 29 2023,,,,10180,286
August 30 2023,,,,10280,366
August 31 2023,,,,10140,505
September 04 2023,,,,9988,293
September 05 2023,,,,10142,243
September 06 2023,,,,10356,291
September 07 2023,,,,10419,398
September 10 2023,,,,10282,382
September 11 2023,,,,10492,277
September 12 2023,,,,10649,316
September 13 2023,,,,10678,343
September 14 2023,,,,10837,414
September 17 2023,,,,10799,427
September 18 2023,,,,10892,313
September 19 2023,,,,11095,260
September 20 2023,,,,11064,364
September 21 2023,,,,11067,428
September 24 2023,,,,10744,403
September 25 2023,,,,10842,284
September 26 2023,,,,10978,332
September 27 2023,,,,11017,331
September 28 2023,,,,10984,447
October 01 2023,,,,10598,493
October 02 2023,,,,10724,284
October 03 2023,,,,10818,287
October 04 2023,,,,10963,330
October 05 2023,,,,11130,427
October 09 2023,,,,10815,282
October 10 2023,,,,10910,257
October 11 2023,,,,10960,266
October 12 2023,,,,10992,398
October 15 2023,,,,10571,434
October 16 2023,,,,10629,331
October 17 2023,,,,10630,315
October 18 2023,,,,10511,393
October 19 2023,,,,10319,406
October 22 2023,,,,9506,454
October 23 2023,,,,9436,327
October 24 2023,,,,9396,300
October 25 2023,,,,9351,293
October 26 2023,,,,9235,390
October 29 2023,,,,8925,418
October 30 2023,,,,9026,278
October 31 2023,,,,9072,295
November 01 2023,,,,9250,279
November 02 2023,,,,9442,330
November 05 2023,,,,9273,370
November 06 2023,,,,9286,316
November 07 2023,,,,9483,231
November 08 2023,,,,9634,310
November 12 2023,,,,9477,313
November 13 2023,,,,9510,287
November 14 2023,,,,9665,247
November 15 2023,,,,9762,316
November 16 2023,,,,9762,374
November 19 2023,,,,9573,435
November 20 2023,,,,9638,298
November 21 2023,,,,9804,250
November 23 2023,,,,9838,283
November 26 2023,,,,9845,312
November 27 2023,,,,10123,214
November 28 2023,,,,10223,223
November 29 2023,,,,10398,284
November 30 2023,,,,10536,320
December 03 2023,,,,10579,417
December 04 2023,,,,10635,273
December 05 2023,,,,10761,261
December 06 2023,,,,10832,376
December 07 2023,,,,10897,466
December 10 2023,,,,10871,411
December 11 2023,,,,10998,304
December 12 2023,,,,11077,259
December 13 2023,,,,11192,335
December 14 2023,,,,11242,396
December 17 2023,,,,11092,456
December 18 2023,,,,11149,364
December 19 2023,,,,11291,272
December 20 2023,,,,11516,390
December 21 2023,,,,11375,497
December 25 2023,,,,11144,347
December 26 2023,,,,11217,288
December 27 2023,,,,11206,335
December 28 2023,,,,11230,357
January 01 2024,,,,10870,290
January 02 2024,,,,10770,316
January 03 2024,,,,10718,263
January 04 2024,,,,10558,362
January 07 2024,,,,9670,367
January 08 2024,,,,9670,367
January 09 2024,,,,9311,286
January 10 2024,,,,9144,349
January 11 2024,,,,8829,476
January 15 2024,,,,8033,234
January 16 2024,,,,8133,188
January 17 2024,,,,8072,353
January 18 2024,,,,8042,359
January 21 2024,,,,7974,371
January 22 2024,,,,8008,222
January 23 2024,,,,8133,202
January 24 2024,,,,8212,243
January 25 2024,,,,8180,293
January 28 2024,,,,8004,307
January 29 2024,,,,8057,195
January 30 2024,,,,8182,187
January 31 2024,203,477,258,8153,266
February 01 2024,222,459,289,8026,337
February 04 2024,253,531,248,7813,342
February 05 2024,157,466,345,7872,242
February 06 2024,291,455,323,8045,178
February 07 2024,227,453,330,8160,222
February 08 2024,298,499,358,8188,315
February 11 2024,205,515,226,8056,347
February 12 2024,213,430,440,8092,234
February 13 2024,227,369,349,8348,160
February 14 2024,185,322,272,8512,230
February 15 2024,333,508,272,8463,312
February 19 2024,249,420,371,8380,218
February 20 2024,149,395,273,8488,192
February 21 2024,232,430,318,8573,231
February 22 2024,165,400,292,8607,293
February 25 2024,244,482,366,8404,329
February 26 2024,199,438,326,8404,329
February 27 2024,197,369,306,8650,206
February 28 2024,209,447,274,8699,257
February 29 2024,262,444,354,8724,299
March 03 2024,236,468,347,8594,354
March 04 2024,225,509,340,8660,229
March 05 2024,246,472,345,8800,214
March 06 2024,230,457,277,8870,232
March 07 2024,181,424,328,8902,305
March 10 2024,190,368,326,8714,373
March 11 2024,178,336,290,8757,253
March 12 2024,154,294,290,8843,213
March 13 2024,165,358,167,8819,239
March 14 2024,166,301,252,8695,310
March 17 2024,127,260,259,8373,342
March 18 2024,123,243,188,8333,283
March 19 2024,99,202,256,8390,197
March 20 2024,91,181,174,8365,227
March 21 2024,132,261,141,8292,235
March 24 2024,124,264,221,7899,373
March 25 2024,128,242,224,7899,229
March 26 2024,187,276,200,7919,208
March 27 2024,129,287,185,7893,215
March 28 2024,161,288,248,7762,360
March 31 2024,105,254,151,7257,287
April 01 2024,109,235,171,7271,172
April 02 2024,101,230,175,7340,132
April 03 2024,124,230,190,7346,163
April 04 2024,95,226,152,7317,225
April 07 2024,106,239,233,6982,279
April 08 2024,102,230,167,6988,199
April 09 2024,118,231,217,7043,130
April 10 2024,117,244,142,6999,227
April 11 2024,183,221,220,6912,285
April 14 2024,128,245,243,6630,290
April 15 2024,144,303,176,6681,191
April 16 2024,219,392,205,6685,163
April 17 2024,182,371,274,6725,227
April 18 2024,144,322,258,6728,260
April 21 2024,208,380,343,6745,240
April 22 2024,176,424,251,6799,214
April 23 2024,252,427,307,6967,134
April 24 2024,253,411,307,7128,154
April 25 2024,145,357,333,7209,217
April 28 2024,158,349,365,7298,250
April 29 2024,140,292,255,7373,187
April 30 2024,220,443,194,7431,135
May 01 2024,197,437,295,7508,190
May 02 2024,206,411,293,7577,194
May 05 2024,150,315,228,7447,332
May 06 2024,173,337,211,7449,205
May 07 2024,176,334,246,7566,163
May 08 2024,167,374,205,7583,202
May 09 2024,138,285,268,7570,244
May 12 2024,138,301,263,7464,245
May 13 2024,112,331,167,7499,157
May 14 2024,246,419,218,7546,186
May 15 2024,115,285,341,7589,265
May 16 2024,206,340,214,7565,234
May 19 2024,143,295,278,7356,298
May 20 2024,111,268,217,7368,192
May 21 2024,196,348,176,7404,145
May 22 2024,168,349,272,7474,208
May 23 2024,193,272,314,7494,227
May 27 2024,156,344,252,7365,167
May 28 2024,153,348,239,7418,151
May 29 2024,182,462,158,7491,141
May 30 2024,167,406,339,7563,190
June 02 2024,159,330,322,7546,306
June 03 2024,109,244,257,7596,224
June 04 2024,260,356,176,7565,203
June 05 2024,173,345,291,7691,198
June 06 2024,179,326,282,7741,238
June 09 2024,116,289,166,7451,312
June 10 2024,184,334,229,7439,212
June 11 2024,186,352,224,7493,156
June 12 2024,152,266,274,7548,212
June 13 2024,167,293,230,7544,259
June 16 2024,204,315,233,7307,294
June 17 2024,159,310,272,7318,224
June 18 2024,160,297,253,7340,214
June 19 2024,204,321,246,7433,198
June 20 2024,145,247,243,7431,235
June 23 2024,102,227,201,7247,294
June 24 2024,116,175,172,7239,202
June 25 2024,172,263,191,7239,202
June 26 2024,132,235,197,7268,187
June 27 2024,174,208,256,7248,268
June 30 2024,123,230,167,6874,273
July 01 2024,123,233,159,6825,229
July 02 2024,141,232,188,6823,184
July 04 2024,158,226,191,6790,225
July 07 2024,96,160,233,6599,213
July 08 2024,141,173,129,6617,123
July 09 2024,116,181,182,6651,130
July 10 2024,150,157,201,6649,177
July 11 2024,80,176,125,6640,197
July 14 2024,116,188,164,6308,237
July 15 2024,105,185,158,6283,171
July 16 2024,136,246,123,6239,173
July 17 2024,128,228,177,6228,187
July 21 2024,90,196,205,6058,262
July 22 2024,102,189,155,6002,234
July 23 2024,120,257,126,5965,170
July 24 2024,137,272,166,5927,177
July 25 2024,93,198,208,5954,194
July 28 2024,152,290,199,5743,207
July 29 2024,114,210,219,5819,163
July 30 2024,125,203,208,5930,92
July 31 2024,140,261,163,5963,154
August 01 2024,227,298,212,6016,169
August 04 2024,63,167,143,5943,170
August 05 2024,172,259,138,5950,150
August 06 2024,163,283,200,5998,143
August 07 2024,135,273,207,6038,174
August 08 2024,119,230,213,6084,174
August 11 2024,95,211,140,5894,249
August 12 2024,109,219,155,5903,148
August 13 2024,162,239,189,5981,123
August 14 2024,109,226,191,5987,178
August 15 2024,124,241,156,5895,220
August 18 2024,86,244,235,5821,178
August 19 2024,176,254,162,5865,158
August 20 2024,136,274,245,5995,112
August 21 2024,134,245,167,6028,156
August 22 2024,182,307,205,6054,171
August 27 2024,149,285,222,6152,97
August 28 2024,170,285,178,6227,134
August 29 2024,145,295,188,6250,169
September 02 2024,133,270,198,6192,129
September 03 2024,131,263,177,6272,112
September 04 2024,121,231,219,6375,114
September 05 2024,126,230,175,6448,121
September 08 2024,123,255,164,6312,221
September 09 2024,144,275,190,6353,141
September 10 2024,131,251,180,6396,148
September 11 2024,93,248,175,6410,162
September 12 2024,184,280,210,6360,220
September 13 2024,81,200,212,6326,279
September 15 2024,98,220,167,6234,210
September 16 2024,113,209,160,6229,164
September 17 2024,159,304,139,6227,160
September 18 2024,116,213,217,6245,149
September 19 2024,93,196,169,6270,188
September 22 2024,124,234,161,5989,197
September 23 2024,92,203,173,6002,165
September 24 2024,186,259,172,6023,143
September 25 2024,154,225,220,6050,169
September 26 2024,91,199,172,6090,185
September 29 2024,81,213,153,5925,177
September 30 2024,209,285,184,5967,138
October 01 2024,184,314,217,6040,137
October 02 2024,107,215,230,6091,173
October 03 2024,101,162,178,6118,193
October 07 2024,99,190,176,5968,153
October 08 2024,167,239,166,6013,123
October 09 2024,115,216,169,6047,137
October 10 2024,84,158,193,6075,159
October 13 2024,130,227,192,5889,210
October 14 2024,88,214,160,5935,106
October 15 2024,113,208,159,6013,107
October 16 2024,174,285,150,6036,129
October 17 2024,104,230,206,6076,160
October 20 2024,147,276,214,5918,195
October 21 2024,108,220,213,5966,154
October 22 2024,180,280,146,6043,109
October 23 2024,134,294,186,6077,138
October 27 2024,202,313,158,5974,192
October 28 2024,110,272,193,6008,156
October 29 2024,166,277,229,6106,126
October 30 2024,136,276,178,6149,160
October 31 2024,87,246,173,6148,177
November 03 2024,84,171,157,5990,184
November 04 2024,167,209,157,6007,132
November 05 2024,109,245,159,6045,126
November 06 2024,156,256,176,6086,137
November 07 2024,125,232,192,6084,177
November 11 2024,118,139,168,5963,145
November 12 2024,142,235,139,5975,138
November 13 2024,148,245,175,5966,151
November 14 2024,119,219,210,6025,172
November 17 2024,105,210,149,5816,195
November 18 2024,143,203,163,5819,138
November 19 2024,119,209,152,5844,146
November 20 2024,155,212,181,5879,148
November 21 2024,109,214,173,5850,210
November 24 2024,191,283,192,5664,207
November 25 2024,170,297,196,5715,129
November 26 2024,152,272,214,5826,112
November 27 2024,239,367,224,5862,211
November 28 2024,113,280,237,5963,143
December 01 2024,196,306,187,5986,149
December 02 2024,236,330,222,6061,115
December 03 2024,81,230,242,6192,107
December 04 2024,118,245,160,6269,115
December 05 2024,218,283,208,6310,150
December 08 2024,132,243,183,6286,172
December 09 2024,224,315,152,6268,174
December 10 2024,167,326,213,6310,149
December 11 2024,209,353,232,6402,152
December 12 2024,153,253,286,6481,194
December 15 2024,180,337,219,6408,224
December 16 2024,133,287,189,6454,149
December 17 2024,187,310,247,6506,151
December 18 2024,168,285,210,6598,134
December 19 2024,269,412,204,6600,238
December 22 2024,100,255,236,6595,268
December 23 2024,205,294,177,6548,231
December 24 2024,161,304,211,6622,155
December 25 2024,57,162,193,6689,107
December 26 2024,80,122,152,6707,135
December 29 2024,107,170,133,6465,216
December 30 2024,99,156,139,6454,177
January 01 2025,25,66,94,6405,144
January 02 2025,35,70,53,6292,170
January 05 2025,43,73,64,5882,185
January 06 2025,41,60,71,5769,190
January 07 2025,65,83,65,5703,133
January 08 2025,38,80,82,5605,184
January 09 2025,56,82,68,5507,164
January 12 2025,74,103,80,5092,235
January 13 2025,68,107,102,5019,181
January 14 2025,92,124,93,4957,139
January 15 2025,113,162,107,4903,164
January 16 2025,106,196,131,4881,159
January 19 2025,86,152,168,4628,176
January 20 2025,84,118,136,4638,127
January 21 2025,59,64,117,4728,54
January 22 2025,62,97,52,4717,83
January 23 2025,91,75,97,4621,174
January 26 2025,29,51,11,4241,182
January 27 2025,33,53,34,4161,127
January 28 2025,32,49,39,4096,101
January 29 2025,32,50,39,4036,99
January 30 2025,47,42,47,3923,159
February 02 2025,20,22,41,3483,168
February 03 2025,23,45,11,3403,102
February 04 2025,34,54,29,3359,74
February 05 2025,26,36,36,3290,104
February 06 2025,25,32,27,3181,145
February 09 2025,15,13,23,2878,99
February 10 2025,16,18,15,2834,63
February 11 2025,11,22,12,2799,50
February 12 2025,16,20,20,2752,66
February 13 2025,15,10,23,2703,72
February 17 2025,8,17,14,2532,15
February 18 2025,18,19,11,2536,9
February 19 2025,12,17,17,2528,19
February 20 2025,13,25,15,2520,32
February 23 2025,7,16,8,2423,35
February 24 2025,20,22,14,2413,24
February 25 2025,11,7,7,2413,23
February 26 2025,12,21,1,2411,23
February 27 2025,10,15,17,2391,37
March 02 2025,12,24,4,2297,31
March 03 2025,8,29,18,2287,25
March 04 2025,4,25,10,2272,30
March 05 2025,5,20,4,2238,40
March 06 2025,7,27,6,2218,33
March 09 2025,12,25,15,2137,30
March 10 2025,6,28,8,2125,23
March 11 2025,3,11,7,2116,20
March 12 2025,6,18,2,2113,8
March 13 2025,4,20,9,2116,6
March 16 2025,1,9,8,2117,5
March 17 2025,5,14,0,2111,8
March 18 2025,19,34,6,2109,8
March 19 2025,6,22,14,2119,9
March 20 2025,9,20,11,2124,7
March 23 2025,15,29,9,2136,2
March 24 2025,7,13,11,2139,7
March 25 2025,12,19,7,2145,6
March 26 2025,9,21,15,2159,2
March 27 2025,1,19,13,2159,2
March 30 2025,9,20,5,2188,2
March 31 2025,9,25,8,2193,5
April 01 2025,17,36,7,2191,12
April 02 2025,5,31,16,2208,3
April 03 2025,12,26,18,2223,8
April 06 2025,7,14,7,2234,11
April 07 2025,12,22,9,2237,5
April 08 2025,12,34,12,2243,9
April 09 2025,6,19,10,2251,5
April 10 2025,18,25,17,2265,6
April 11 2025,8,22,8,2267,9
April 13 2025,5,26,10,2283,3
April 14 2025,5,26,9,2282,13
April 15 2025,4,19,12,2286,7
April 16 2025,11,30,5,2291,8
April 17 2025,7,26,10,2288,14
April 20 2025,4,15,6,2305,4
April 21 2025,10,25,5,2308,6
April 22 2025,7,19,14,2305,17
April 23 2025,3,23,4,2300,11
April 24 2025,3,9,7,2294,13
April 27 2025,9,40,12,2301,4
April 28 2025,6,26,12,2307,8
April 29 2025,11,25,11,2304,15
April 30 2025,7,34,9,2309,12
May 01 2025,13,32,14,2306,16
May 04 2025,9,31,10,2335,5
May 05 2025,15,44,20,2331,17
May 06 2025,10,33,16,2339,16
May 07 2025,10,30,15,2335,10
May 08 2025,15,24,16,2361,11
May 11 2025,15,20,12,2385,3
May 12 2025,7,33,14,2392,7
May 13 2025,18,29,12,2394,11
May 14 2025,7,30,14,2394,11
May 15 2025,15,31,14,2410,14
May 18 2025,13,28,14,2437,9
May 19 2025,7,27,17,2457,6
May 21 2025,14,62,13,2467,18
May 22 2025,18,36,17,2473,15
May 27 2025,6,24,7,2504,11
May 28 2025,12,39,12,2499,14
May 29 2025,13,38,15,2506,11
June 01 2025,8,24,16,2528,12
June 02 2025,10,19,5,2518,16
June 03 2025,5,23,11,2519,15
June 04 2025,4,16,9,2516,16
June 05 2025,8,26,5,2503,21
June 08 2025,10,16,15,2507,13
June 09 2025,8,21,14,2516,9
June 10 2025,17,28,7,2511,12
June 17 2025,7,24,10,2523,14
June 19 2025,8,19,7,2501,18
June 22 2025,7,13,5,2508,7
June 23 2025,3,15,5,2495,17
June 24 2025,5,20,5,2489,16
June 25 2025,6,12,2,2470,24
June 26 2025,3,9,7,2447,35
June 29 2025,5,17,7,2413,20
June 30 2025,9,22,8,2407,16
July 01 2025,7,14,6,2391,22
July 02 2025,8,20,9,2373,38
July 06 2025,4,17,2,2332,8
July 07 2025,3,18,8,2317,20
July 08 2025,5,16,8,2306,20
July 09 2025,2,18,0,2281,32
July 10 2025,2,12,3,2252,39
July 13 2025,1,13,4,2204,10
July 14 2025,2,9,1,2181,26
July 15 2025,0,8,5,2171,17
July 16 2025,1,9,0,2164,11
July 17 2025,3,16,2,2153,17
July 21 2025,4,18,7,2121,16
July 22 2025,5,13,3,2117,16
July 23 2025,6,21,5,2111,14
July 24 2025,6,18,7,2096,29
July 27 2025,1,12,2,2088,4
July 28 2025,2,9,3,2080,14
July 29 2025,2,8,3,2072,12
July 30 2025,4,15,4,2063,16
July 31 2025,2,9,6,2058,15
August 03 2025,5,26,3,2049,5
August 04 2025,5,22,11,2040,14
August 05 2025,2,21,10,2042,14
August 06 2025,4,17,3,2036,13
August 07 2025,4,18,6,2031,17
August 10 2025,0,18,8,2006,12
August 11 2025,6,23,4,1999,16
August 12 2025,8,38,9,1999,9
August 13 2025,6,22,12,1997,17
August 14 2025,3,27,4,1994,11
August 17 2025,4,14,2,1991,3
August 18 2025,4,20,6,1985,14
August 19 2025,5,35,3,1980,11
August 20 2025,10,38,10,1983,10
August 21 2025,6,49,8,1972,21
August 24 2025,4,21,5,1981,5
August 25 2025,8,30,8,1980,11
August 26 2025,10,21,20,1989,15
August 27 2025,5,19,9,1988,19
August 28 2025,8,33,6,1984,17
September 01 2025,10,29,17,2010,5
September 02 2025,6,35,9,2020,9
September 03 2025,4,29,11,2019,10
September 04 2025,11,40,2,2015,14
September 07 2025,4,19,9,2026,7
September 08 2025,7,25,5,2025,6
September 09 2025,18,42,11,2023,14
September 10 2025,10,47,14,2025,18
September 11 2025,12,38,29,2047,6
September 14 2025,7,39,13,2083,5
September 15 2025,9,47,10,2086,10
September 16 2025,7,28,17,2095,12
September 17 2025,7,38,5,2096,13
September 18 2025,20,52,11,2096,14
September 21 2025,8,35,13,2134,5
September 22 2025,17,40,14,2141,10
September 23 2025,11,36,10,2145,15
September 24 2025,3,38,12,2138,17
September 25 2025,6,35,12,2132,18
September 28 2025,11,29,12,2146,9
September 29 2025,8,35,12,2148,13
September 30 2025,8,32,12,2159,7
October 01 2025,4,33,12,2163,14
October 02 2025,20,51,15,2164,16
October 05 2025,8,28,13,2180,16
October 06 2025,5,33,15,2187,10
October 07 2025,11,45,4,2189,10
October 08 2025,8,49,15,2192,17
October 09 2025,11,55,13,2192,12
October 13 2025,8,24,7,2223,6
October 14 2025,7,30,16,2235,8
October 15 2025,8,29,10,2225,15
October 16 2025,9,33,15,2233,9
October 19 2025,9,34,17,2237,7
October 20 2025,10,39,6,2243,7
October 21 2025,13,39,17,2251,9
October 22 2025,12,42,13,2261,12
October 23 2025,4,27,26,2266,18
October 26 2025,4,35,12,2276,10
October 27 2025,2,31,8,2282,11
October 28 2025,6,22,11,2286,6
October 29 2025,6,25,4,2280,17
October 30 2025,3,17,14,2287,12
November 02 2025,5,21,10,2277,7
November 03 2025,3,28,5,2269,12
November 04 2025,6,33,6,2270,8
November 05 2025,8,41,8,2272,7
November 06 2025,6,33,9,2264,19
November 09 2025,11,33,5,2294,4
November 11 2025,11,39,12,2294,14
November 12 2025,14,48,20,2302,7
November 13 2025,6,26,16,2317,5
November 16 2025,5,22,3,2340,5
November 17 2025,1,35,6,2343,8
November 18 2025,2,38,8,2345,12
November 19 2025,7,32,3,2340,10
November 20 2025,18,57,8,2340,9
November 23 2025,3,46,22,2375,1
November 24 2025,9,40,9,2371,13
November 25 2025,6,47,14,2375,11
November 27 2025,4,24,8,2389,7
November 30 2025,4,18,10,2415,0
December 01 2025,4,26,4,2410,9
December 02 2025,7,34,6,2407,8
December 03 2025,4,32,8,2419,7
December 04 2025,16,39,7,2418,13
December 07 2025,4,24,13,2429,12
December 08 2025,9,27,9,2440,4
December 09 2025,4,30,7,2443,8
December 10 2025,10,54,5,2439,9
December 11 2025,7,47,9,2437,10
December 14 2025,8,35,4,2462,8
December 15 2025,11,42,9,2470,7
December 16 2025,8,54,15,2468,9
December 17 2025,7,31,11,2481,10
December 18 2025,11,50,6,2472,16
December 21 2025,6,18,11,2484,14
December 22 2025,8,26,4,2480,12
December 28 2025,3,30,2,2444,4
December 29 2025,2,26,1,2444,6
December 30 2025,6,35,5,2442,7
January 01 2026,2,18,2,2454,5
January 04 2026,3,21,5,2452,5
January 05 2026,5,29,2,2450,4
January 06 2026,4,13,4,2450,7
January 07 2026,2,18,4,2452,5
January 08 2026,2,18,7,2453,6
January 11 2026,1,18,2,2455,5
January 12 2026,3,14,3,2452,8
January 13 2026,1,26,3,2453,5
January 14 2026,8,23,5,2453,11
January 15 2026,5,24,10,2457,10
January 19 2026,4,23,6,2463,7
January 20 2026,9,30,7,2460,11
January 21 2026,6,28,10,2465,4
January 22 2026,3,30,8,2466,13
January 25 2026,7,27,9,2458,2
January 26 2026,5,16,5,2457,9
January 27 2026,2,18,4,2456,6
January 28 2026,9,36,6,2449,15
January 29 2026,6,25,9,2445,11
February 01 2026,2,26,7,2419,22
February 02 2026,3,28,5,2413,17
February 03 2026,3,37,4,2402,17
February 04 2026,1,21,8,2396,14
February 05 2026,4,30,3,2385,21
February 08 2026,1,14,4,2364,9
February 09 2026,10,24,2,2358,14
February 10 2026,8,20,9,2357,8
February 12 2026,5,27,5,2343,12
February 16 2026,2,18,4,2324,6
February 17 2026,5,25,3,2319,12
February 18 2026,6,21,1,2314,10
February 19 2026,3,31,11,2315,14
February 22 2026,5,23,8,2317,10
February 23 2026,3,20,5,2313,10
February 24 2026,4,34,4,2310,11
February 25 2026,4,29,5,2305,11
February 26 2026,4,19,4,2298,12
March 01 2026,7,28,8,2281,13
March 02 2026,2,21,6,2282,8
March 03 2026,7,28,6,2277,12
March 04 2026,3,39,5,2260,25
March 05 2026,3,31,5,2256,14
March 08 2026,3,24,4,2227,7
March 09 2026,3,20,3,2218,14
March 10 2026,3,28,6,2200,25
March 11 2026,7,43,3,2193,14
March 12 2026,5,40,11,2188,16
March 15 2026,2,37,3,2165,7
March 16 2026,3,41,5,2154,12
March 17 2026,1,26,5,2144,18
March 18 2026,2,21,4,2134,17
March 19 2026,5,35,1,2130,9
March 22 2026,2,31,10,2137,6
March 23 2026,3,19,7,2137,6
March 24 2026,5,24,8,2109,14
March 25 2026,4,36,9,2109,14
March 26 2026,5,25,4,2104,11
March 29 2026,3,32,10,2080,10
March 30 2026,4,35,5,2077,9
March 31 2026,4,46,4,2078,5
April 01 2026,2,16,6,2071,13
April 02 2026,4,29,5,2068,6
April 05 2026,2,16,6,2055,9
April 06 2026,1,19,3,2047,11
April 07 2026,3,33,7,2034,19
April 08 2026,7,40,2,2024,13
April 09 2026,3,31,5,2023,10
April 12 2026,2,39,7,2003,9
April 13 2026,8,35,3,1989,17
April 14 2026,6,26,9,1987,13
April 15 2026,2,42,4,1973,21
April 16 2026,4,36,8,1949,28
April 19 2026,4,31,5,1932,7
April 20 2026,6,39,2,1931,5
April 21 2026,6,49,5,1925,14
April 22 2026,7,32,14,1922,13
April 23 2026,5,21,10,1926,14
April 26 2026,4,24,11,1906,10
April 27 2026,10,34,6,1898,16
April 28 2026,5,32,8,1887,17
April 29 2026,10,31,14,1890,8
April 30 2026,5,27,7,1883,18
May 03 2026,5,21,11,1867,15
May 04 2026,7,28,8,1860,14
May 05 2026,13,33,7,1861,12
May 06 2026,14,51,15,1867,11
May 07 2026,5,33,17,1870,16
May 10 2026,4,28,7,1837,14
May 11 2026,9,27,6,1829,18
May 12 2026,4,23,15,1832,11
May 13 2026,10,37,5,1822,19
May 14 2026,3,27,14,1812,17
May 17 2026,20,50,9,1779,10
May 18 2026,6,32,23,1785,12
May 19 2026,9,39,8,1784,14
May 20 2026,10,37,12,1769,22
May 21 2026,4,22,11,1766,19
May 25 2026,17,37,9,1757,7
May 26 2026,5,31,15,1764,4
May 27 2026,7,43,7,1771,8
May 28 2026,8,38,14,1773,7
May 31 2026,8,27,12,1761,12
June 01 2026,9,30,11,1765,10
June 02 2026,7,30,12,1777,5
June 03 2026,7,35,8,1769,16
June 04 2026,3,36,9,1769,13
June 07 2026,9,53,4,1757,7
June 08 2026,9,34,10,1761,6
June 09 2026,14,50,14,1767,8
June 10 2026,14,64,12,1758,18
June 11 2026,11,56,14,1765,8
June 14 2026,9,10,40,1774,6
June 15 2026,9,47,11,1784,3
June 16 2026,6,49,10,1783,11
June 17 2026,13,45,4,1783,9
June 21 2026,9,36,8,1787,2
June 22 2026,11,15,24,1806,3
June 23 2026,7,37,8,1811,6
June 24 2026,15,51,7,1808,17
June 25 2026,5,38,16,1813,9
June 28 2026,11,43,7,1827,5
June 29 2026,6,28,15,1831,11
June 30 2026,8,30,11,1829,18
July 01 2026,4,30,7,1834,8
July 05 2026,6,18,12,1840,6
July 06 2026,13,37,5,1841,6
July 07 2026,14,32,17,1850,11
July 08 2026,8,31,9,1839,22
July 09 2026,7,32,11,1837,18
July 12 2026,8,19,14,1850,6
July 13 2026,5,19,12,1857,11
